<?xml version="1.0" encoding="UTF-8"?>
<BuildStatus>
    <Strategy name="Strategy1">
        <Milestone name="Export" build_result="0" build_time="0">
            <Task name="IBIS" build_result="0" update_result="3" update_time="0"/>
            <Task name="TimingSimFileVlg" build_result="0" update_result="3" update_time="0"/>
            <Task name="TimingSimFileVHD" build_result="0" update_result="3" update_time="0"/>
            <Task name="Jedecgen" build_result="2" update_result="0" update_time="1473096286"/>
            <Task name="Bitgen" build_result="0" update_result="3" update_time="0"/>
        </Milestone>
        <Milestone name="Map" build_result="2" build_time="1473096271">
            <Task name="Map" build_result="2" update_result="0" update_time="1473096271"/>
            <Task name="MapTrace" build_result="0" update_result="3" update_time="0"/>
            <Task name="MapVerilogSimFile" build_result="0" update_result="3" update_time="0"/>
            <Task name="MapVHDLSimFile" build_result="0" update_result="3" update_time="0"/>
        </Milestone>
        <Milestone name="PAR" build_result="2" build_time="1473096279">
            <Task name="PAR" build_result="2" update_result="0" update_time="1473096279"/>
            <Task name="PARTrace" build_result="0" update_result="3" update_time="0"/>
            <Task name="IOTiming" build_result="0" update_result="3" update_time="0"/>
        </Milestone>
        <Milestone name="Synthesis" build_result="2" build_time="1473096262">
            <Task name="Synplify_Synthesis" build_result="2" update_result="0" update_time="1473096262"/>
        </Milestone>
        <Milestone name="TOOL_Report" build_result="0" build_time="0">
            <Task name="HDLE" build_result="2" update_result="0" update_time="1473958725"/>
            <Task name="BKM" build_result="0" update_result="2" update_time="0"/>
            <Task name="SSO" build_result="0" update_result="2" update_time="0"/>
            <Task name="PIODRC" build_result="0" update_result="2" update_time="0"/>
            <Task name="DEC" build_result="0" update_result="2" update_time="0"/>
        </Milestone>
        <Milestone name="Translate" build_result="2" build_time="1473096269">
            <Task name="Translate" build_result="2" update_result="0" update_time="1473096269"/>
        </Milestone>
        <Report name="adder4bit00_adder4bit00.bgn" last_build_time="1473096286" last_build_size="4238"/>
        <Report name="adder4bit00_adder4bit00.edi" last_build_time="1473096260" last_build_size="25904"/>
        <Report name="adder4bit00_adder4bit00.jed" last_build_time="1473096286" last_build_size="1464812"/>
        <Report name="adder4bit00_adder4bit00.ncd" last_build_time="1473096279" last_build_size="17063"/>
        <Report name="adder4bit00_adder4bit00.ngd" last_build_time="1473096269" last_build_size="18168"/>
        <Report name="adder4bit00_adder4bit00_map.ncd" last_build_time="1473096271" last_build_size="13118"/>
    </Strategy>
</BuildStatus>
