<?xml version="1.0" encoding="UTF-8"?>
<BaliMessageLog>
    <Task name="Translate">
        <Message>
            <ID>1166052</ID>
            <Severity>Warning</Severity>
            <Dynamic>logical</Dynamic>
            <Dynamic>G00/UD01/un1_sdiv_cry_19_0_COUT</Dynamic>
            <Navigation>G00/UD01/un1_sdiv_cry_19_0_COUT</Navigation>
        </Message>
        <Message>
            <ID>1166052</ID>
            <Severity>Warning</Severity>
            <Dynamic>logical</Dynamic>
            <Dynamic>G00/UD01/un1_sdiv_cry_0_0_S0</Dynamic>
            <Navigation>G00/UD01/un1_sdiv_cry_0_0_S0</Navigation>
        </Message>
        <Message>
            <ID>1166052</ID>
            <Severity>Warning</Severity>
            <Dynamic>logical</Dynamic>
            <Dynamic>G00/UD00/OSCInst0_SEDSTDBY</Dynamic>
            <Navigation>G00/UD00/OSCInst0_SEDSTDBY</Navigation>
        </Message>
        <Message>
            <ID>1163101</ID>
            <Severity>Warning</Severity>
            <Dynamic>3</Dynamic>
        </Message>
    </Task>
    <Task name="Synplify_Synthesis">
        <Message>
            <ID>2011000</ID>
            <Severity>Info</Severity>
        </Message>
        <Message>
            <ID>2019991</ID>
            <Severity>Warning</Severity>
            <Dynamic>CL169 :&quot;C:\Users\Diego EG\Desktop\ArqPracticas\xor00.vhdl&quot;:24:4:24:5|Pruning unused register outFlagx_cl_7. Make sure that there are no unused intermediate registers.</Dynamic>
            <Navigation>CL169</Navigation>
            <Navigation>C:\Users\Diego EG\Desktop\ArqPracticas\xor00.vhdl</Navigation>
            <Navigation>24</Navigation>
            <Navigation>4</Navigation>
            <Navigation>24</Navigation>
            <Navigation>5</Navigation>
            <Navigation>Pruning unused register outFlagx_cl_7. Make sure that there are no unused intermediate registers.</Navigation>
        </Message>
        <Message>
            <ID>2019991</ID>
            <Severity>Warning</Severity>
            <Dynamic>CL169 :&quot;C:\Users\Diego EG\Desktop\ArqPracticas\and00.vhdl&quot;:24:4:24:5|Pruning unused register outFlaga_cl_7. Make sure that there are no unused intermediate registers.</Dynamic>
            <Navigation>CL169</Navigation>
            <Navigation>C:\Users\Diego EG\Desktop\ArqPracticas\and00.vhdl</Navigation>
            <Navigation>24</Navigation>
            <Navigation>4</Navigation>
            <Navigation>24</Navigation>
            <Navigation>5</Navigation>
            <Navigation>Pruning unused register outFlaga_cl_7. Make sure that there are no unused intermediate registers.</Navigation>
        </Message>
        <Message>
            <ID>2019991</ID>
            <Severity>Warning</Severity>
            <Dynamic>CD276 :&quot;C:\lscc\diamond\3.9\cae_library\synthesis\vhdl\machxo2.vhd&quot;:2297:8:2297:15|Map for port sedstdby of component osch not found</Dynamic>
            <Navigation>CD276</Navigation>
            <Navigation>C:\lscc\diamond\3.9\cae_library\synthesis\vhdl\machxo2.vhd</Navigation>
            <Navigation>2297</Navigation>
            <Navigation>8</Navigation>
            <Navigation>2297</Navigation>
            <Navigation>15</Navigation>
            <Navigation>Map for port sedstdby of component osch not found</Navigation>
        </Message>
        <Message>
            <ID>2019993</ID>
            <Severity>Warning</Severity>
            <Dynamic>FX474 |User-specified initial value defined for some sequential elements which can prevent optimum synthesis results from being achieved.</Dynamic>
            <Navigation>FX474</Navigation>
            <Navigation>User-specified initial value defined for some sequential elements which can prevent optimum synthesis results from being achieved. </Navigation>
        </Message>
        <Message>
            <ID>2019991</ID>
            <Severity>Warning</Severity>
            <Dynamic>MT529 :&quot;c:\users\diego eg\desktop\arqpracticas\div00.vhdl&quot;:22:3:22:4|Found inferred clock osc00|osc_int_inferred_clock which controls 22 sequential elements including G00.UD01.sdiv[20:0]. This clock has no specified timing constraint which may prevent conversion of gated or generated clocks and may adversely impact design performance.</Dynamic>
            <Navigation>MT529</Navigation>
            <Navigation>c:\users\diego eg\desktop\arqpracticas\div00.vhdl</Navigation>
            <Navigation>22</Navigation>
            <Navigation>3</Navigation>
            <Navigation>22</Navigation>
            <Navigation>4</Navigation>
            <Navigation>Found inferred clock osc00|osc_int_inferred_clock which controls 22 sequential elements including G00.UD01.sdiv[20:0]. This clock has no specified timing constraint which may prevent conversion of gated or generated clocks and may adversely impact design performance. </Navigation>
        </Message>
        <Message>
            <ID>2019991</ID>
            <Severity>Warning</Severity>
            <Dynamic>BN132 :&quot;c:\users\diego eg\desktop\arqpracticas\xor00.vhdl&quot;:24:4:24:5|Removing sequential instance G02.outgx_cl_7[7] because it is equivalent to instance G02.outgx_cl_6[7]. To keep the instance, apply constraint syn_preserve=1 on the instance.</Dynamic>
            <Navigation>BN132</Navigation>
            <Navigation>c:\users\diego eg\desktop\arqpracticas\xor00.vhdl</Navigation>
            <Navigation>24</Navigation>
            <Navigation>4</Navigation>
            <Navigation>24</Navigation>
            <Navigation>5</Navigation>
            <Navigation>Removing sequential instance G02.outgx_cl_7[7] because it is equivalent to instance G02.outgx_cl_6[7]. To keep the instance, apply constraint syn_preserve=1 on the instance.</Navigation>
        </Message>
        <Message>
            <ID>2019991</ID>
            <Severity>Warning</Severity>
            <Dynamic>BN132 :&quot;c:\users\diego eg\desktop\arqpracticas\xor00.vhdl&quot;:24:4:24:5|Removing sequential instance G02.outgx_cl_6[7] because it is equivalent to instance G02.outgx_cl_4[7]. To keep the instance, apply constraint syn_preserve=1 on the instance.</Dynamic>
            <Navigation>BN132</Navigation>
            <Navigation>c:\users\diego eg\desktop\arqpracticas\xor00.vhdl</Navigation>
            <Navigation>24</Navigation>
            <Navigation>4</Navigation>
            <Navigation>24</Navigation>
            <Navigation>5</Navigation>
            <Navigation>Removing sequential instance G02.outgx_cl_6[7] because it is equivalent to instance G02.outgx_cl_4[7]. To keep the instance, apply constraint syn_preserve=1 on the instance.</Navigation>
        </Message>
        <Message>
            <ID>2019991</ID>
            <Severity>Warning</Severity>
            <Dynamic>BN132 :&quot;c:\users\diego eg\desktop\arqpracticas\xor00.vhdl&quot;:24:4:24:5|Removing sequential instance G02.outgx_cl_5[7] because it is equivalent to instance G02.outgx_cl_3[7]. To keep the instance, apply constraint syn_preserve=1 on the instance.</Dynamic>
            <Navigation>BN132</Navigation>
            <Navigation>c:\users\diego eg\desktop\arqpracticas\xor00.vhdl</Navigation>
            <Navigation>24</Navigation>
            <Navigation>4</Navigation>
            <Navigation>24</Navigation>
            <Navigation>5</Navigation>
            <Navigation>Removing sequential instance G02.outgx_cl_5[7] because it is equivalent to instance G02.outgx_cl_3[7]. To keep the instance, apply constraint syn_preserve=1 on the instance.</Navigation>
        </Message>
        <Message>
            <ID>2019991</ID>
            <Severity>Warning</Severity>
            <Dynamic>BN132 :&quot;c:\users\diego eg\desktop\arqpracticas\xor00.vhdl&quot;:24:4:24:5|Removing sequential instance G02.outgx_cl_4[7] because it is equivalent to instance G02.outgx_cl_2[7]. To keep the instance, apply constraint syn_preserve=1 on the instance.</Dynamic>
            <Navigation>BN132</Navigation>
            <Navigation>c:\users\diego eg\desktop\arqpracticas\xor00.vhdl</Navigation>
            <Navigation>24</Navigation>
            <Navigation>4</Navigation>
            <Navigation>24</Navigation>
            <Navigation>5</Navigation>
            <Navigation>Removing sequential instance G02.outgx_cl_4[7] because it is equivalent to instance G02.outgx_cl_2[7]. To keep the instance, apply constraint syn_preserve=1 on the instance.</Navigation>
        </Message>
        <Message>
            <ID>2019991</ID>
            <Severity>Warning</Severity>
            <Dynamic>BN132 :&quot;c:\users\diego eg\desktop\arqpracticas\xor00.vhdl&quot;:24:4:24:5|Removing sequential instance G02.outgx_cl_3[7] because it is equivalent to instance G02.outgx_cl_1[7]. To keep the instance, apply constraint syn_preserve=1 on the instance.</Dynamic>
            <Navigation>BN132</Navigation>
            <Navigation>c:\users\diego eg\desktop\arqpracticas\xor00.vhdl</Navigation>
            <Navigation>24</Navigation>
            <Navigation>4</Navigation>
            <Navigation>24</Navigation>
            <Navigation>5</Navigation>
            <Navigation>Removing sequential instance G02.outgx_cl_3[7] because it is equivalent to instance G02.outgx_cl_1[7]. To keep the instance, apply constraint syn_preserve=1 on the instance.</Navigation>
        </Message>
        <Message>
            <ID>2019991</ID>
            <Severity>Warning</Severity>
            <Dynamic>BN132 :&quot;c:\users\diego eg\desktop\arqpracticas\xor00.vhdl&quot;:24:4:24:5|Removing sequential instance G02.outgx_cl_2[7] because it is equivalent to instance G02.outgx_cl[7]. To keep the instance, apply constraint syn_preserve=1 on the instance.</Dynamic>
            <Navigation>BN132</Navigation>
            <Navigation>c:\users\diego eg\desktop\arqpracticas\xor00.vhdl</Navigation>
            <Navigation>24</Navigation>
            <Navigation>4</Navigation>
            <Navigation>24</Navigation>
            <Navigation>5</Navigation>
            <Navigation>Removing sequential instance G02.outgx_cl_2[7] because it is equivalent to instance G02.outgx_cl[7]. To keep the instance, apply constraint syn_preserve=1 on the instance.</Navigation>
        </Message>
        <Message>
            <ID>2019991</ID>
            <Severity>Warning</Severity>
            <Dynamic>BN132 :&quot;c:\users\diego eg\desktop\arqpracticas\xor00.vhdl&quot;:26:4:26:7|Removing user instance G02.outgx_cl_13[7] because it is equivalent to instance G02.outgx_cl_9[7]. To keep the instance, apply constraint syn_preserve=1 on the instance.</Dynamic>
            <Navigation>BN132</Navigation>
            <Navigation>c:\users\diego eg\desktop\arqpracticas\xor00.vhdl</Navigation>
            <Navigation>26</Navigation>
            <Navigation>4</Navigation>
            <Navigation>26</Navigation>
            <Navigation>7</Navigation>
            <Navigation>Removing user instance G02.outgx_cl_13[7] because it is equivalent to instance G02.outgx_cl_9[7]. To keep the instance, apply constraint syn_preserve=1 on the instance.</Navigation>
        </Message>
        <Message>
            <ID>2019991</ID>
            <Severity>Warning</Severity>
            <Dynamic>BN132 :&quot;c:\users\diego eg\desktop\arqpracticas\xor00.vhdl&quot;:26:4:26:7|Removing user instance G02.outgx_cl_12[7] because it is equivalent to instance G02.outgx_cl_15[7]. To keep the instance, apply constraint syn_preserve=1 on the instance.</Dynamic>
            <Navigation>BN132</Navigation>
            <Navigation>c:\users\diego eg\desktop\arqpracticas\xor00.vhdl</Navigation>
            <Navigation>26</Navigation>
            <Navigation>4</Navigation>
            <Navigation>26</Navigation>
            <Navigation>7</Navigation>
            <Navigation>Removing user instance G02.outgx_cl_12[7] because it is equivalent to instance G02.outgx_cl_15[7]. To keep the instance, apply constraint syn_preserve=1 on the instance.</Navigation>
        </Message>
        <Message>
            <ID>2019991</ID>
            <Severity>Warning</Severity>
            <Dynamic>BN132 :&quot;c:\users\diego eg\desktop\arqpracticas\xor00.vhdl&quot;:26:4:26:7|Removing user instance G02.outgx_cl_15[7] because it is equivalent to instance G02.outgx_cl_8[7]. To keep the instance, apply constraint syn_preserve=1 on the instance.</Dynamic>
            <Navigation>BN132</Navigation>
            <Navigation>c:\users\diego eg\desktop\arqpracticas\xor00.vhdl</Navigation>
            <Navigation>26</Navigation>
            <Navigation>4</Navigation>
            <Navigation>26</Navigation>
            <Navigation>7</Navigation>
            <Navigation>Removing user instance G02.outgx_cl_15[7] because it is equivalent to instance G02.outgx_cl_8[7]. To keep the instance, apply constraint syn_preserve=1 on the instance.</Navigation>
        </Message>
        <Message>
            <ID>2019991</ID>
            <Severity>Warning</Severity>
            <Dynamic>BN132 :&quot;c:\users\diego eg\desktop\arqpracticas\xor00.vhdl&quot;:26:4:26:7|Removing user instance G02.outgx_cl_14[7] because it is equivalent to instance G02.outgx_cl_8[7]. To keep the instance, apply constraint syn_preserve=1 on the instance.</Dynamic>
            <Navigation>BN132</Navigation>
            <Navigation>c:\users\diego eg\desktop\arqpracticas\xor00.vhdl</Navigation>
            <Navigation>26</Navigation>
            <Navigation>4</Navigation>
            <Navigation>26</Navigation>
            <Navigation>7</Navigation>
            <Navigation>Removing user instance G02.outgx_cl_14[7] because it is equivalent to instance G02.outgx_cl_8[7]. To keep the instance, apply constraint syn_preserve=1 on the instance.</Navigation>
        </Message>
        <Message>
            <ID>2019993</ID>
            <Severity>Warning</Severity>
            <Dynamic>MT420 |Found inferred clock osc00|osc_int_inferred_clock with period 480.77ns. Please declare a user-defined clock on object &quot;n:G00.UD00.osc_int&quot;</Dynamic>
            <Navigation>MT420</Navigation>
            <Navigation>Found inferred clock osc00|osc_int_inferred_clock with period 480.77ns. Please declare a user-defined clock on object &quot;n:G00.UD00.osc_int&quot;</Navigation>
        </Message>
    </Task>
</BaliMessageLog>