<?xml version="1.0" encoding="UTF-8"?>
<BaliMessageLog>
    <Task name="Translate">
        <Message>
            <ID>1166052</ID>
            <Severity>Warning</Severity>
            <Dynamic>logical</Dynamic>
            <Dynamic>RA00/D01/un2_sdiv_s_23_0_COUT</Dynamic>
            <Navigation>RA00/D01/un2_sdiv_s_23_0_COUT</Navigation>
        </Message>
        <Message>
            <ID>1166052</ID>
            <Severity>Warning</Severity>
            <Dynamic>logical</Dynamic>
            <Dynamic>RA00/D01/un2_sdiv_s_23_0_S1</Dynamic>
            <Navigation>RA00/D01/un2_sdiv_s_23_0_S1</Navigation>
        </Message>
        <Message>
            <ID>1166052</ID>
            <Severity>Warning</Severity>
            <Dynamic>logical</Dynamic>
            <Dynamic>RA00/D01/un2_sdiv_cry_0_0_S0</Dynamic>
            <Navigation>RA00/D01/un2_sdiv_cry_0_0_S0</Navigation>
        </Message>
        <Message>
            <ID>1166052</ID>
            <Severity>Warning</Severity>
            <Dynamic>logical</Dynamic>
            <Dynamic>RA00/D00/OSCInst0_SEDSTDBY</Dynamic>
            <Navigation>RA00/D00/OSCInst0_SEDSTDBY</Navigation>
        </Message>
        <Message>
            <ID>1166052</ID>
            <Severity>Warning</Severity>
            <Dynamic>logical</Dynamic>
            <Dynamic>RA05/un1_outcontrrd_cry_4_0_COUT</Dynamic>
            <Navigation>RA05/un1_outcontrrd_cry_4_0_COUT</Navigation>
        </Message>
        <Message>
            <ID>1166052</ID>
            <Severity>Warning</Severity>
            <Dynamic>logical</Dynamic>
            <Dynamic>RA05/un1_outcontrrd_cry_4_0_S1</Dynamic>
            <Navigation>RA05/un1_outcontrrd_cry_4_0_S1</Navigation>
        </Message>
        <Message>
            <ID>1166052</ID>
            <Severity>Warning</Severity>
            <Dynamic>logical</Dynamic>
            <Dynamic>RA05/un1_outcontrrd_cry_3_0_S0</Dynamic>
            <Navigation>RA05/un1_outcontrrd_cry_3_0_S0</Navigation>
        </Message>
        <Message>
            <ID>1166052</ID>
            <Severity>Warning</Severity>
            <Dynamic>logical</Dynamic>
            <Dynamic>RA05/un1_outcontrrd_cry_3_0_S1</Dynamic>
            <Navigation>RA05/un1_outcontrrd_cry_3_0_S1</Navigation>
        </Message>
        <Message>
            <ID>1166052</ID>
            <Severity>Warning</Severity>
            <Dynamic>logical</Dynamic>
            <Dynamic>RA05/un1_outcontrrd_cry_1_0_S0</Dynamic>
            <Navigation>RA05/un1_outcontrrd_cry_1_0_S0</Navigation>
        </Message>
        <Message>
            <ID>1166052</ID>
            <Severity>Warning</Severity>
            <Dynamic>logical</Dynamic>
            <Dynamic>RA05/un1_outcontrrd_cry_1_0_S1</Dynamic>
            <Navigation>RA05/un1_outcontrrd_cry_1_0_S1</Navigation>
        </Message>
        <Message>
            <ID>1166052</ID>
            <Severity>Warning</Severity>
            <Dynamic>logical</Dynamic>
            <Dynamic>RA05/un1_outcontrrd_cry_0_0_S0</Dynamic>
            <Navigation>RA05/un1_outcontrrd_cry_0_0_S0</Navigation>
        </Message>
        <Message>
            <ID>1166052</ID>
            <Severity>Warning</Severity>
            <Dynamic>logical</Dynamic>
            <Dynamic>RA05/un1_outcontrrd_cry_0_0_S1</Dynamic>
            <Navigation>RA05/un1_outcontrrd_cry_0_0_S1</Navigation>
        </Message>
        <Message>
            <ID>1166052</ID>
            <Severity>Warning</Severity>
            <Dynamic>logical</Dynamic>
            <Dynamic>RA03/wordram_ram_2_DO3</Dynamic>
            <Navigation>RA03/wordram_ram_2_DO3</Navigation>
        </Message>
        <Message>
            <ID>1166052</ID>
            <Severity>Warning</Severity>
            <Dynamic>logical</Dynamic>
            <Dynamic>RA03/wordram_ram_0_DO3</Dynamic>
            <Navigation>RA03/wordram_ram_0_DO3</Navigation>
        </Message>
        <Message>
            <ID>1163101</ID>
            <Severity>Warning</Severity>
            <Dynamic>14</Dynamic>
        </Message>
    </Task>
    <Task name="Synplify_Synthesis">
        <Message>
            <ID>2011000</ID>
            <Severity>Info</Severity>
        </Message>
        <Message>
            <ID>2019991</ID>
            <Severity>Warning</Severity>
            <Dynamic>CG296 :&quot;C:\Users\Diego EG\Desktop\RAM\muxra00.vhdl&quot;:19:8:19:14|Incomplete sensitivity list; assuming completeness. Make sure all referenced variables in message CG290 are included in the sensitivity list.</Dynamic>
            <Navigation>CG296</Navigation>
            <Navigation>C:\Users\Diego EG\Desktop\RAM\muxra00.vhdl</Navigation>
            <Navigation>19</Navigation>
            <Navigation>8</Navigation>
            <Navigation>19</Navigation>
            <Navigation>14</Navigation>
            <Navigation>Incomplete sensitivity list; assuming completeness. Make sure all referenced variables in message CG290 are included in the sensitivity list.</Navigation>
        </Message>
        <Message>
            <ID>2019991</ID>
            <Severity>Warning</Severity>
            <Dynamic>CG290 :&quot;C:\Users\Diego EG\Desktop\RAM\muxra00.vhdl&quot;:25:10:25:12|Referenced variable rwm is not in sensitivity list.</Dynamic>
            <Navigation>CG290</Navigation>
            <Navigation>C:\Users\Diego EG\Desktop\RAM\muxra00.vhdl</Navigation>
            <Navigation>25</Navigation>
            <Navigation>10</Navigation>
            <Navigation>25</Navigation>
            <Navigation>12</Navigation>
            <Navigation>Referenced variable rwm is not in sensitivity list.</Navigation>
        </Message>
        <Message>
            <ID>2019991</ID>
            <Severity>Warning</Severity>
            <Dynamic>CG290 :&quot;C:\Users\Diego EG\Desktop\RAM\muxra00.vhdl&quot;:21:9:21:15|Referenced variable enablem is not in sensitivity list.</Dynamic>
            <Navigation>CG290</Navigation>
            <Navigation>C:\Users\Diego EG\Desktop\RAM\muxra00.vhdl</Navigation>
            <Navigation>21</Navigation>
            <Navigation>9</Navigation>
            <Navigation>21</Navigation>
            <Navigation>15</Navigation>
            <Navigation>Referenced variable enablem is not in sensitivity list.</Navigation>
        </Message>
        <Message>
            <ID>2019991</ID>
            <Severity>Warning</Severity>
            <Dynamic>CL279 :&quot;C:\Users\Diego EG\Desktop\RAM\contring00.vhdl&quot;:19:4:19:5|Pruning register bits 2 to 0 of soutr(3 downto 0). If this is not the intended behavior, drive the inputs with valid values, or inputs from the top level.</Dynamic>
            <Navigation>CL279</Navigation>
            <Navigation>C:\Users\Diego EG\Desktop\RAM\contring00.vhdl</Navigation>
            <Navigation>19</Navigation>
            <Navigation>4</Navigation>
            <Navigation>19</Navigation>
            <Navigation>5</Navigation>
            <Navigation>Pruning register bits 2 to 0 of soutr(3 downto 0). If this is not the intended behavior, drive the inputs with valid values, or inputs from the top level.</Navigation>
        </Message>
        <Message>
            <ID>2019991</ID>
            <Severity>Warning</Severity>
            <Dynamic>CD276 :&quot;C:\lscc\diamond\3.9\cae_library\synthesis\vhdl\machxo2.vhd&quot;:2297:8:2297:15|Map for port sedstdby of component osch not found</Dynamic>
            <Navigation>CD276</Navigation>
            <Navigation>C:\lscc\diamond\3.9\cae_library\synthesis\vhdl\machxo2.vhd</Navigation>
            <Navigation>2297</Navigation>
            <Navigation>8</Navigation>
            <Navigation>2297</Navigation>
            <Navigation>15</Navigation>
            <Navigation>Map for port sedstdby of component osch not found</Navigation>
        </Message>
        <Message>
            <ID>2019993</ID>
            <Severity>Warning</Severity>
            <Dynamic>FX474 |User-specified initial value defined for some sequential elements which can prevent optimum synthesis results from being achieved.</Dynamic>
            <Navigation>FX474</Navigation>
            <Navigation>User-specified initial value defined for some sequential elements which can prevent optimum synthesis results from being achieved. </Navigation>
        </Message>
        <Message>
            <ID>2019991</ID>
            <Severity>Warning</Severity>
            <Dynamic>MT529 :&quot;c:\users\diego eg\desktop\ram\div00.vhdl&quot;:20:4:20:5|Found inferred clock osc00|osc_int_inferred_clock which controls 25 sequential elements including RA00.D01.sdiv[23:0]. This clock has no specified timing constraint which may prevent conversion of gated or generated clocks and may adversely impact design performance.</Dynamic>
            <Navigation>MT529</Navigation>
            <Navigation>c:\users\diego eg\desktop\ram\div00.vhdl</Navigation>
            <Navigation>20</Navigation>
            <Navigation>4</Navigation>
            <Navigation>20</Navigation>
            <Navigation>5</Navigation>
            <Navigation>Found inferred clock osc00|osc_int_inferred_clock which controls 25 sequential elements including RA00.D01.sdiv[23:0]. This clock has no specified timing constraint which may prevent conversion of gated or generated clocks and may adversely impact design performance. </Navigation>
        </Message>
        <Message>
            <ID>2019993</ID>
            <Severity>Warning</Severity>
            <Dynamic>MT420 |Found inferred clock osc00|osc_int_inferred_clock with period 480.77ns. Please declare a user-defined clock on object &quot;n:RA00.D00.osc_int&quot;</Dynamic>
            <Navigation>MT420</Navigation>
            <Navigation>Found inferred clock osc00|osc_int_inferred_clock with period 480.77ns. Please declare a user-defined clock on object &quot;n:RA00.D00.osc_int&quot;</Navigation>
        </Message>
    </Task>
</BaliMessageLog>