<?xml version="1.0" encoding="UTF-8"?>
<BuildStatus>
    <Strategy name="Strategy1">
        <Milestone name="Export" build_result="0" build_time="0">
            <Task name="IBIS" build_result="0" update_result="3" update_time="0"/>
            <Task name="TimingSimFileVlg" build_result="0" update_result="3" update_time="0"/>
            <Task name="TimingSimFileVHD" build_result="0" update_result="3" update_time="0"/>
            <Task name="Jedecgen" build_result="2" update_result="0" update_time="1473172539"/>
            <Task name="Bitgen" build_result="0" update_result="3" update_time="0"/>
        </Milestone>
        <Milestone name="Map" build_result="2" build_time="1473172517">
            <Task name="Map" build_result="2" update_result="0" update_time="1473172517"/>
            <Task name="MapTrace" build_result="0" update_result="3" update_time="0"/>
            <Task name="MapVerilogSimFile" build_result="0" update_result="3" update_time="0"/>
            <Task name="MapVHDLSimFile" build_result="0" update_result="3" update_time="0"/>
        </Milestone>
        <Milestone name="PAR" build_result="2" build_time="1473172530">
            <Task name="PAR" build_result="2" update_result="0" update_time="1473172530"/>
            <Task name="PARTrace" build_result="0" update_result="3" update_time="0"/>
            <Task name="IOTiming" build_result="0" update_result="3" update_time="0"/>
        </Milestone>
        <Milestone name="Synthesis" build_result="2" build_time="1473172508">
            <Task name="Synplify_Synthesis" build_result="2" update_result="0" update_time="1473172508"/>
        </Milestone>
        <Milestone name="TOOL_Report" build_result="0" build_time="0">
            <Task name="HDLE" build_result="2" update_result="0" update_time="1473173148"/>
            <Task name="BKM" build_result="0" update_result="2" update_time="0"/>
            <Task name="SSO" build_result="0" update_result="2" update_time="0"/>
            <Task name="PIODRC" build_result="0" update_result="2" update_time="0"/>
            <Task name="DEC" build_result="0" update_result="2" update_time="0"/>
        </Milestone>
        <Milestone name="Translate" build_result="2" build_time="1473172513">
            <Task name="Translate" build_result="2" update_result="0" update_time="1473172513"/>
        </Milestone>
        <Report name="adder8bit00_adder8bit00.bgn" last_build_time="1473172539" last_build_size="4166"/>
        <Report name="adder8bit00_adder8bit00.edi" last_build_time="1473172506" last_build_size="52541"/>
        <Report name="adder8bit00_adder8bit00.jed" last_build_time="1473172539" last_build_size="1465159"/>
        <Report name="adder8bit00_adder8bit00.ncd" last_build_time="1473172530" last_build_size="34529"/>
        <Report name="adder8bit00_adder8bit00.ngd" last_build_time="1473172513" last_build_size="35438"/>
        <Report name="adder8bit00_adder8bit00_map.ncd" last_build_time="1473172516" last_build_size="26090"/>
    </Strategy>
</BuildStatus>
